"category,id,providerName,planName,price,priceUnit,description,keyFeatures,logoUrl,providerColor,directUrl,rating,isSponsored,isGreen"
"5g broadband,aus_tpg_5gpremium,TPG,5G Premium,44.99,/mo,$20/mo off for 6 months,""Unlimited data, 100/17 Mbps evening, 5G Alternative to NBN"",https://www.tpg.com.au/logo.png,#4200B3,https://www.tpg.com.au/nbn,4.0,,"
"5g broadband,aus_tpg_5gplus,TPG,5G Plus,39.99,/mo,$20/mo off for 6 months,""Unlimited data, 50/16 Mbps evening, 5G Alternative to NBN"",https://www.tpg.com.au/logo.png,#4200B3,https://www.tpg.com.au/nbn,4.0,,"
"5g broadband,aus_tpg_homewireless,TPG,Home Wireless Broadband,44.99,/mo,$10/mo off for 6 months,""Unlimited data, 15/1.9 Mbps evening, 4G Alternative to NBN"",https://www.tpg.com.au/logo.png,#4200B3,https://www.tpg.com.au/nbn,4.0,,"
"5g broadband,aus_telstra_5g,Telstra,5G Internet,85,/mo,1000GB data,""300/30 Mbps busy, Range 30-570/4-70 Mbps"",https://www.telstra.com.au/logo.png,#007BC2,https://www.telstra.com.au/internet/nbn,4.0,FALSE,"
"5g broadband,aus_iinet_5gplus,iiNet,5G Plus,39.99,/mo,$20/mo off for 6 months,""Unlimited data, 50/16 Mbps evening max 50/20, 5G Alternative to NBN"",https://www.iinet.net.au/logo.png,#4200B3,https://www.iinet.net.au/nbn,1.3,,"
"5g broadband,aus_iinet_5gpremium,iiNet,5G Premium,49.99,/mo,$20/mo off for 6 months,""Unlimited data, 100/17 Mbps evening max 100/20, 5G Alternative to NBN"",https://www.iinet.net.au/logo.png,#4200B3,https://www.iinet.net.au/nbn,1.3,,"
"5g broadband,aus_iinet_homewireless,iiNet,Home Wireless,49.99,/mo,$10/mo off for 6 months,""Unlimited data, 15/1.9 Mbps evening max 20/2, 4G Alternative to NBN"",https://www.iinet.net.au/logo.png,#4200B3,https://www.iinet.net.au/nbn,1.3,,"
"mobile,aus_boost_21gb,Boost Mobile,21GB 28 Day Plan,18,/mo,Triple data first 3 recharges,""21GB data, Unlimited calls/text, Data rollover, 150Mbps cap, 5G access"",https://boost.com.au/logo.png,#F7901E,,,"
"mobile,aus_boost_75gb,Boost Mobile,75GB 28 Day Plan,39,/mo,Triple data first 3 recharges,""75GB data, Unlimited calls/text, International calls, Data rollover, 150Mbps cap, 5G access"",https://boost.com.au/logo.png,,,,,"
"mobile,aus_boost_105gb,Boost Mobile,105GB 28 Day Plan,25,/mo,Next 2 recharges at $25,""105GB data, Unlimited calls/text, International calls, Data rollover, 150Mbps cap, 5G access"",https://boost.com.au/logo.png,,,,,"
"mobile,aus_boost_105gb_esim,Boost Mobile,105GB 28 Day Plan (eSIM),49,/mo,Triple data first 3 recharges,""105GB data, Unlimited calls/text, International calls, Data rollover, 150Mbps cap, 5G access"",https://boost.com.au/logo.png,,,,,"
"mobile,aus_boost_135gb,Boost Mobile,135GB 28 Day Plan (eSIM),59,/mo,Triple data first 3 recharges,""135GB data, Unlimited calls/text, International calls, Data rollover, 250Mbps cap, 5G access"",https://boost.com.au/logo.png,,,,,"
"mobile,aus_boost_160gb,Boost Mobile,160GB 28 Day Plan (eSIM),74,/mo,160GB first 3 recharges,""160GB data, Unlimited calls/text, International calls, Data rollover, Uncapped speed, 5G access"",https://boost.com.au/logo.png,,,,,"
"mobile,aus_everyday_22gb,Everyday Mobile,22GB Prepaid 30 days,25,/mo,10% off Woolworths shop monthly,""22GB data, Unlimited intl calls/SMS to 22 destinations, 4G capped 100Mbps, Data bank up to 500GB"",https://www.woolworths.com.au/logo.png,#008739,https://www.woolworthsmobile.com.au/plans,,,"
"mobile,aus_everyday_30gb,Everyday Mobile,30GB Prepaid 30 days,30,/mo,10% off Woolworths shop monthly,""30GB data, Unlimited intl calls/SMS to 22 destinations, 5G capped 150Mbps, Data bank up to 1,000GB"",https://www.woolworths.com.au/logo.png,#008739,https://www.woolworthsmobile.com.au/plans,,,"
"mobile,aus_everyday_50gb,Everyday Mobile,50GB Prepaid 30 days,35,/mo,10% off Woolworths shop monthly,""50GB data, Unlimited intl calls/SMS to 22 destinations, 5G capped 150Mbps, Data bank up to 1,000GB"",https://www.woolworths.com.au/logo.png,#008739,https://www.woolworthsmobile.com.au/plans,,,"
"mobile,aus_everyday_75gb_long,Everyday Mobile,75GB Prepaid Long Expiry 180 days,130,upfront,Unlimited national calls/SMS,""4G capped 100Mbps, Data bank up to 500GB"",https://www.woolworths.com.au/logo.png,#008739,https://www.woolworthsmobile.com.au/plans,4.0,FALSE,"
"mobile,aus_everyday_215gb_long,Everyday Mobile,215GB Prepaid Long Expiry 365 days,250,upfront,Unlimited national calls/SMS,""4G capped 100Mbps, Data bank up to 500GB"",https://www.woolworths.com.au/logo.png,#008739,https://www.woolworthsmobile.com.au/plans,4.0,FALSE,"
"mobile,aus_everyday_300gb_long,Everyday Mobile,300GB Prepaid Long Expiry 365 days,320,upfront,Unlimited national calls/SMS,""5G capped 150Mbps, Data bank up to 500GB"",https://www.woolworths.com.au/logo.png,#008739,https://www.woolworthsmobile.com.au/plans,4.0,FALSE,"
"mobile,aus_everyday_70gb_sim,Everyday Mobile,70GB SIM Only,40,/mo,10% off Woolworths shop monthly,""70GB data, Unlimited intl calls/SMS to 30 destinations, 5G capped 150Mbps, Data bank up to 1,000GB"",https://www.woolworths.com.au/logo.png,#008739,https://www.woolworthsmobile.com.au/plans,,,"
"mobile,aus_everyday_110gb_sim,Everyday Mobile,110GB SIM Only,50,/mo,10% off Woolworths shop monthly,""110GB data, Unlimited intl calls/SMS to 30 destinations, 5G capped 150Mbps, Data bank up to 1,000GB"",https://www.woolworths.com.au/logo.png,#008739,https://www.woolworthsmobile.com.au/plans,,,"
"mobile,aus_everyday_165gb_sim,Everyday Mobile,165GB SIM Only,60,/mo,10% off Woolworths shop monthly,""165GB data, Unlimited intl calls/SMS to 30 destinations, 5G capped 250Mbps, Data bank up to 1,000GB"",https://www.woolworths.com.au/logo.png,#008739,https://www.woolworthsmobile.com.au/plans,,,"
"mobile,aus_tangerine_14gb,Tangerine Telecom,14GB Mobile,25,/mo,50% off for 4 months,""500GB databank, Unlimited calls/SMS, Capped 100Mbps 4G"",https://www.tangerinetelecom.com.au/logo.png,#FF8C00,https://www.tangerine.com.au/nbn/nbn-broadband,1.5,,"
"mobile,aus_tangerine_30gb,Tangerine Telecom,30GB Mobile,15,/mo,50% off for 4 months,""1000GB databank, Unlimited calls/SMS, Calls to 15 countries, Capped 150Mbps 4G/5G"",https://www.tangerinetelecom.com.au/logo.png,#FF8C00,https://www.tangerine.com.au/nbn/nbn-broadband,,,"
"mobile,aus_tangerine_50gb,Tangerine Telecom,50GB Mobile,18,/mo,50% off for 4 months,""1000GB databank, Unlimited calls/SMS, Calls to 15 countries, Capped 150Mbps 4G/5G"",https://www.tangerinetelecom.com.au/logo.png,#FF8C00,https://www.tangerine.com.au/nbn/nbn-broadband,,,"
"mobile,aus_tangerine_75gb,Tangerine Telecom,75GB Mobile,21,/mo,50% off for 4 months,""1000GB databank, Unlimited calls/SMS, Calls to 15 countries, Capped 150Mbps 4G/5G"",https://www.tangerinetelecom.com.au/logo.png,#FF8C00,https://www.tangerine.com.au/nbn/nbn-broadband,,,"
"mobile,aus_tangerine_100gb,Tangerine Telecom,100GB Mobile,24,/mo,50% off for 4 months,""1000GB databank, Unlimited calls/SMS, Calls to 15 countries, Capped 150Mbps 4G/5G"",https://www.tangerinetelecom.com.au/logo.png,#FF8C00,https://www.tangerine.com.au/nbn/nbn-broadband,,,"
"mobile,aus_tangerine_160gb,Tangerine Telecom,160GB Mobile,30,/mo,50% off for 4 months,""1000GB databank, Unlimited calls/SMS, Calls to 15 countries, Capped 250Mbps 4G/5G"",https://www.tangerinetelecom.com.au/logo.png,#FF8C00,https://www.tangerine.com.au/nbn/nbn-broadband,,,"
"mobile,aus_coles_25,Coles Mobile,$25 Coles Mobile Plan,25,/mo,Added to cart,Month to month,https://www.colesmobile.com.au/logo.png,#E50016,https://www.colesmobile.com.au/plans,4.0,FALSE,FALSE"
"mobile,aus_coles_30,Coles Mobile,$30 Coles Mobile Plan,30,/mo,Added to cart,Month to month,https://www.colesmobile.com.au/logo.png,#E50016,https://www.colesmobile.com.au/plans,4.0,FALSE,FALSE"
"mobile,aus_coles_35,Coles Mobile,$35 Coles Mobile Month to Month Plan,35,/mo,4G/5G 100mbps max,""Month to month, Added to cart"",https://www.colesmobile.com.au/logo.png,#E50016,https://www.colesmobile.com.au/plans,4.0,FALSE,"
"mobile,aus_coles_45,Coles Mobile,$45 Coles Mobile Month to Month Plan,45,/mo,4G/5G 100mbps max,""Month to month, Added to cart"",https://www.colesmobile.com.au/logo.png,#E50016,https://www.colesmobile.com.au/plans,4.0,FALSE,"
"mobile,aus_coles_220,Coles Mobile,$220 Coles Mobile,220,upfront,Added to cart,,https://www.colesmobile.com.au/logo.png,#E50016,https://www.colesmobile.com.au/plans,4.0,FALSE,FALSE"
"mobile,aus_coles_240,Coles Mobile,$240 Coles Mobile Plan,240,upfront,Added to cart,,https://www.colesmobile.com.au/logo.png,#E50016,https://www.colesmobile.com.au/plans,4.0,FALSE,FALSE"
"mobile,aus_coles_280,Coles Mobile,$280 Coles Mobile,280,upfront,4G/5G 100mbps max,Added to cart,https://www.colesmobile.com.au/logo.png,#E50016,https://www.colesmobile.com.au/plans,4.0,FALSE,FALSE"
"mobile,aus_moose_30gb,Moose Mobile,30GB Plan,12.40,/mo,First 6 months discount,""30GB, 200GB Data Banking, Unlimited talk and text, 5G Enabled, No lock-in"",https://moosemobile.com.au/logo.png,#F7901E,,,"
"mobile,aus_moose_40gb,Moose Mobile,40GB Plan,23.80,/mo,First 6 months discount,""40GB, 200GB data banking, Unlimited talk and text, 5G Enabled, No lock-in"",https://moosemobile.com.au/logo.png,#F7901E,,,"
"mobile,aus_moose_100gb,Moose Mobile,100GB Plan,29.80,/mo,First 6 months discount,""100GB, 200GB Data Banking, Unlimited talk and text, 5G Enabled, No lock-in"",https://moosemobile.com.au/logo.png,#F7901E,,,"
"mobile,aus_moose_220gb,Moose Mobile,220GB Plan,45.80,/mo,First 6 months discount,""220GB, 200GB Data Banking, Unlimited talk and text, 5G Enabled, International talk + text to ALL countries, No lock-in"",https://moosemobile.com.au/logo.png,,,,,"
"nbn,aus_arctel_cruisylite,Arctel,Cruisy Lite,63.99,/mo,Perfect for smaller households,""$50/mo first 6 months, 25/10 Mbps, Unlimited data, BYO modem, 24/7 support"",https://arctel.com.au/logo.png,#09B5F3,,,"
"nbn,aus_arctel_cruisy,Arctel,Cruisy,80.99,/mo,Perfect for small households,""$65/mo first 6 months, 50/20 Mbps, Unlimited data, BYO modem, 24/7 support"",https://arctel.com.au/logo.png,#09B5F3,,,"
"nbn,aus_arctel_superfast,Arctel,Super Fast,87.99,/mo,Perfect for larger households,""$67.50/mo first 6 months, 500/50 Mbps, Unlimited data, Optional eero 7 modem $149, 24/7 support"",https://arctel.com.au/logo.png,#09B5F3,,,"
"nbn,aus_arctel_hypersonic,Arctel,Hyper Sonic,104.99,/mo,Perfect for gaming and 4K streaming,""$85/mo first 6 months, 1000/100 Mbps, Unlimited data, Optional eero 7 modem $149, 24/7 support"",https://arctel.com.au/logo.png,#09B5F3,,,"
"nbn,aus_exetel_one,Exetel,The One Plan,80,/mo,Hibernate/warp speed options,""500/50 Mbps evening 500/40, Unlimited data"",https://www.exetel.com.au/logo.png,#09B5F3,https://www.exetel.com.au/broadband/nbn,4.0,FALSE,"
"nbn,aus_optus_basic,Optus,Basic,59,/mo,Plans from $59/mo for a year,""First 12 months, 25/8 Mbps, Unlimited data, Ultra WiFi Modem free if stay 24 months, 4G backup"",https://www.optus.com.au/logo.png,#E72024,,,"
"nbn,aus_optus_everyday,Optus,Everyday,75,/mo,Plans from $59/mo for a year,""First 12 months, 50/18 Mbps, Unlimited data, Ultra WiFi Modem free if stay 24 months, 4G backup"",https://www.optus.com.au/logo.png,#E72024,,,"
"nbn,aus_optus_fast_fttn,Optus,""Fast (FTTN, FTTC, FTTB)"",79,/mo,Plans from $59/mo for a year,""First 12 months, 100/18 Mbps, Unlimited data, Ultra WiFi Modem free if stay 24 months, 4G backup"",https://www.optus.com.au/logo.png,#E72024,,,"
"nbn,aus_optus_promo_fttn,Optus,""Promo (FTTN, FTTC, FTTB)"",109,/mo,$15/mo off for a year with mobile,""First 12 months, 100/18 Mbps, Unlimited data, Ultra WiFi Modem free if stay 24 months, 4G backup, $20 entertainment credit"",https://www.optus.com.au/logo.png,,,,,"
"nbn,aus_optus_fast_fttp,Optus,""Fast (FTTP, HFC)"",79,/mo,Plans from $59/mo for a year,""First 12 months, 500/43 Mbps, Unlimited data, Ultra WiFi Modem free if stay 24 months, 4G backup"",https://www.optus.com.au/logo.png,#E72024,,,"
"nbn,aus_optus_promo_fttp,Optus,""Promo (FTTP, HFC)"",109,/mo,$15/mo off for a year with mobile,""First 12 months, 500/43 Mbps, Unlimited data, Ultra WiFi Modem free if stay 24 months, 4G backup, $20 entertainment credit"",https://www.optus.com.au/logo.png,,,,,"
"nbn,aus_optus_ultrafast,Optus,""Ultrafast (FTTP, HFC)"",109,/mo,Plans from $59/mo for a year,""First 12 months, 800/80 Mbps, Unlimited data, Ultra WiFi Modem free if stay 24 months, 4G backup, $20 entertainment credit"",https://www.optus.com.au/logo.png,,,,,"
"nbn,aus_spintel_homestarter,SpinTel,Home Starter,64.95,/mo,$51/mo first 6 months,""25/10 Mbps evening 25/8, Unlimited data, $0 Setup, No Lock-In"",https://www.spintel.net.au/logo.png,#09B5F3,https://www.spintel.net.au/home-internet/nbn,,,"
"nbn,aus_spintel_fixedwireless,SpinTel,Fixed Wireless,64.95,/mo,$51/mo first 6 months,""25/5 Mbps max, Unlimited data, $0 Setup, No Lock-In"",https://www.spintel.net.au/logo.png,#09B5F3,https://www.spintel.net.au/home-internet/nbn,,,"
"nbn,aus_spintel_homevalue,SpinTel,Home Value,81.95,/mo,$71/mo first 6 months,""50/20 Mbps evening 50/18, Unlimited data, $0 Setup, No Lock-In"",https://www.spintel.net.au/logo.png,#09B5F3,https://www.spintel.net.au/home-internet/nbn,,,"
"nbn,aus_spintel_homeplus,SpinTel,Home Plus,86.95,/mo,$73/mo first 6 months,""100/20 Mbps evening 100/18, Unlimited data, $0 Setup, No Lock-In"",https://www.spintel.net.au/logo.png,#09B5F3,https://www.spintel.net.au/home-internet/nbn,,,"
"nbn,aus_spintel_wirelessplus,SpinTel,Wireless Plus,81.95,/mo,$71/mo first 6 months,""100/20 Mbps max, Unlimited data, $0 Setup, No Lock-In"",https://www.spintel.net.au/logo.png,#09B5F3,https://www.spintel.net.au/home-internet/nbn,,,"
"nbn,aus_spintel_hometurbo,SpinTel,Home Turbo,86.95,/mo,$76/mo first 6 months,""500/50 Mbps evening 500/42, Unlimited data, $0 Setup, No Lock-In"",https://www.spintel.net.au/logo.png,#09B5F3,https://www.spintel.net.au/home-internet/nbn,,,"
"nbn,aus_spintel_wirelesshomefast,SpinTel,Wireless HomeFast,86.95,/mo,$76/mo first 6 months,""200-250/8-20 Mbps, Unlimited data, $0 Setup, No Lock-In"",https://www.spintel.net.au/logo.png,#09B5F3,https://www.spintel.net.au/home-internet/nbn,,,"
"nbn,aus_spintel_wirelesssuperfast,SpinTel,Wireless SuperFast,90.95,/mo,$80/mo first 6 months,""400/10-40 Mbps, Unlimited data, $0 Setup, No Lock-In"",https://www.spintel.net.au/logo.png,#09B5F3,https://www.spintel.net.au/home-internet/nbn,,,"
"nbn,aus_spintel_hometurbofast,SpinTel,Home Turbofast,90.95,/mo,$80/mo first 6 months,""750/50 Mbps evening 750/42, Unlimited data, $0 Setup, No Lock-In"",https://www.spintel.net.au/logo.png,#09B5F3,https://www.spintel.net.au/home-internet/nbn,,,"
"nbn,aus_spintel_fibreupgrade,SpinTel,Fibre Upgrade,86.95,/mo,$76/mo first 6 months,""500/50 Mbps evening 500/42, Unlimited data, $0 Setup, No Lock-In"",https://www.spintel.net.au/logo.png,#09B5F3,https://www.spintel.net.au/home-internet/nbn,,,"
"nbn,aus_spintel_homeultrafast,SpinTel,Home Ultrafast,99.95,/mo,$89/mo first 6 months,""1000/100 Mbps evening 900/82, Unlimited data, $0 Setup, No Lock-In"",https://www.spintel.net.au/logo.png,#09B5F3,https://www.spintel.net.au/home-internet/nbn,,,"
"nbn,aus_superloop_everyday,Superloop,Everyday,42,/mo,Save $180 over 6 months,""25/10 Mbps evening 25/8.5, Unlimited data"",https://superloop.com/logo.png,#E5000F,https://superloop.com/consumer/home-broadband/nbn.html,4.0,FALSE,"
"nbn,aus_superloop_extravalue,Superloop,Extra Value,55,/mo,Save $180 over 6 months,""50/20 Mbps evening 50/17, Unlimited data"",https://superloop.com/logo.png,#E5000F,https://superloop.com/consumer/home-broadband/nbn.html,4.0,FALSE,"
"nbn,aus_superloop_familymax,Superloop,Family Max,65,/mo,Save $180 over 6 months,""500/50 Mbps evening 500/40, Unlimited data"",https://superloop.com/logo.png,#E5000F,https://superloop.com/consumer/home-broadband/nbn.html,4.0,FALSE,"
"nbn,aus_superloop_megaspeed,Superloop,Megaspeed,74,/mo,Save $180 over 6 months,""750/50 Mbps evening 750/40, Unlimited data, Free modem if stay 36 months"",https://superloop.com/logo.png,#E5000F,https://superloop.com/consumer/home-broadband/nbn.html,4.0,,"
"nbn,aus_superloop_lightspeed,Superloop,Lightspeed,79,/mo,Save $180 over 6 months,""1000/100 Mbps evening 860/85, Unlimited data, Free modem if stay 36 months"",https://superloop.com/logo.png,#E5000F,https://superloop.com/consumer/home-broadband/nbn.html,4.0,,"
"nbn,aus_swoop_25,Swoop,25/10 Mbps,54,/mo,$15/mo off for 6 months,""25/8 Mbps evening, Unlimited data, $0 Fibre Upgrade, No lock-in, 1-2 users"",https://swoopbroadband.com.au/logo.png,#FF0000,,,"
"nbn,aus_swoop_50,Swoop,50/20 Mbps,69,/mo,$15/mo off for 6 months,""50/17 Mbps evening, Unlimited data, $0 Fibre Upgrade, No lock-in, 1-3 users"",https://swoopbroadband.com.au/logo.png,#FF0000,,,"
"nbn,aus_swoop_500,Swoop,500/50 Mbps,72,/mo,$22/mo off for 6 months,""500/42 Mbps evening, Unlimited data, $0 Fibre Upgrade, No lock-in, 1-7 users"",https://swoopbroadband.com.au/logo.png,#FF0000,,,"
"nbn,aus_swoop_1000,Swoop,1000/100 Mbps,85,/mo,$24/mo off for 6 months,""890/85 Mbps evening, Unlimited data, $0 Fibre Upgrade, No lock-in, 10+ users"",https://swoopbroadband.com.au/logo.png,#FF0000,,,"
"nbn,aus_tpg_nbn50,TPG,NBN50,64.99,/mo,$20/mo off for 6 months,""Unlimited data, 50/17 Mbps evening"",https://www.tpg.com.au/logo.png,#4200B3,https://www.tpg.com.au/nbn,4.0,FALSE,"
"nbn,aus_tpg_nbn100,TPG,NBN100,64.99,/mo,$30/mo off for 6 months,""Unlimited data, 97/17 Mbps evening"",https://www.tpg.com.au/logo.png,#4200B3,https://www.tpg.com.au/nbn,4.0,FALSE,"
"nbn,aus_tpg_nbn500,TPG,NBN500,64.99,/mo,$30/mo off for 6 months,""Unlimited data, 500/42 Mbps evening"",https://www.tpg.com.au/logo.png,#4200B3,https://www.tpg.com.au/nbn,4.0,FALSE,"
"nbn,aus_tpg_nbn12,TPG,NBN12,54.99,/mo,$20/mo off for 6 months,""Unlimited data, 12/0.8 Mbps evening"",https://www.tpg.com.au/logo.png,#4200B3,https://www.tpg.com.au/nbn,4.0,FALSE,"
"nbn,aus_tpg_nbn25,TPG,NBN25,56.99,/mo,$20/mo off for 6 months,""Unlimited data, 25/4 Mbps evening"",https://www.tpg.com.au/logo.png,#4200B3,https://www.tpg.com.au/nbn,4.0,FALSE,"
"nbn,aus_tpg_superfast,TPG,NBN Home Superfast,79.99,/mo,$20/mo off for 6 months,""Unlimited data, 740/42 Mbps evening"",https://www.tpg.com.au/logo.png,#4200B3,https://www.tpg.com.au/nbn,4.0,FALSE,"
"nbn,aus_tpg_ultrafast,TPG,NBN Home Ultrafast,89.99,/mo,$20/mo off for 6 months,""Unlimited data, 820/85 Mbps evening"",https://www.tpg.com.au/logo.png,#4200B3,https://www.tpg.com.au/nbn,4.0,FALSE,"
"nbn,aus_tangerine_value,Tangerine Telecom,Value,44.90,/mo,New customer for 6 months,""25/8.5 Mbps evening, Unlimited data, No lock-in"",https://www.tangerinetelecom.com.au/logo.png,#FF8C00,https://www.tangerine.com.au/nbn/nbn-broadband,1.5,,"
"nbn,aus_tangerine_valueplus,Tangerine Telecom,Value Plus,59.90,/mo,New customer for 6 months,""50/17 Mbps evening, Unlimited data, No lock-in"",https://www.tangerinetelecom.com.au/logo.png,#FF8C00,https://www.tangerine.com.au/nbn/nbn-broadband,1.5,,"
"nbn,aus_tangerine_speedymax,Tangerine Telecom,Speedy Max,63.90,/mo,New customer for 6 months,""500/42.5 Mbps evening, Unlimited data, No lock-in"",https://www.tangerinetelecom.com.au/logo.png,#FF8C00,https://www.tangerine.com.au/nbn/nbn-broadband,1.5,,"
"nbn,aus_tangerine_ultraspeedy,Tangerine Telecom,UltraSpeedy,94.90,/mo,New customer for 6 months,""700/85 Mbps evening, Unlimited data, No lock-in"",https://www.tangerinetelecom.com.au/logo.png,#FF8C00,https://www.tangerine.com.au/nbn/nbn-broadband,1.5,,"
"nbn,aus_telstra_basic,Telstra,Basic nbn®,93,/mo,Up to $15/mo off 6 months,""Unlimited data, 25/4 Mbps evening, For 1-2 devices"",https://www.telstra.com.au/logo.png,#007BC2,https://www.telstra.com.au/internet/nbn,4.0,,"
"nbn,aus_telstra_basic_alt,Telstra,Basic nbn® (alt speeds),93,/mo,Up to $15/mo off 6 months,""Unlimited data, 2-23/3 Mbps evening"",https://www.telstra.com.au/logo.png,#007BC2,https://www.telstra.com.au/internet/nbn,4.0,FALSE,"
"nbn,aus_telstra_basic_only,Telstra,Basic nbn® Internet Only,85,/mo,Up to $15/mo off 6 months,""Unlimited data, 25/4 Mbps evening, Internet only"",https://www.telstra.com.au/logo.png,#007BC2,https://www.telstra.com.au/internet/nbn,4.0,,"
"nbn,aus_telstra_basic_only_alt,Telstra,Basic nbn® Internet Only (alt),85,/mo,Up to $15/mo off 6 months,""Unlimited data, 2-23/3 Mbps evening, Internet only"",https://www.telstra.com.au/logo.png,#007BC2,https://www.telstra.com.au/internet/nbn,4.0,,"
"nbn,aus_telstra_essential,Telstra,Essential nbn®,109,/mo,Up to $15/mo off 6 months,""Unlimited data, 50/17 Mbps evening, For HD on 2 devices"",https://www.telstra.com.au/logo.png,#007BC2,https://www.telstra.com.au/internet/nbn,4.0,,"
"nbn,aus_telstra_essential_alt,Telstra,Essential nbn® (alt),109,/mo,Up to $15/mo off 6 months,""Unlimited data, 68/7 Mbps evening"",https://www.telstra.com.au/logo.png,#007BC2,https://www.telstra.com.au/internet/nbn,4.0,FALSE,"
"nbn,aus_telstra_essential_only,Telstra,Essential nbn® Internet Only,95,/mo,Up to $15/mo off 6 months,""Unlimited data, 50/17 Mbps evening, Internet only"",https://www.telstra.com.au/logo.png,#007BC2,https://www.telstra.com.au/internet/nbn,4.0,,"
"nbn,aus_telstra_essential_only_alt,Telstra,Essential nbn® Internet Only (alt),95,/mo,Up to $15/mo off 6 months,""Unlimited data, 68/7 Mbps evening, Internet only"",https://www.telstra.com.au/logo.png,#007BC2,https://www.telstra.com.au/internet/nbn,4.0,,"
"nbn,aus_telstra_premium,Telstra,Premium nbn®,113,/mo,Up to $15/mo off 6 months,""Unlimited data, 100/17 Mbps evening, HD on multiple devices"",https://www.telstra.com.au/logo.png,#007BC2,https://www.telstra.com.au/internet/nbn,4.0,,"
"nbn,aus_telstra_premium500,Telstra,Premium nbn® (500),113,/mo,Up to $15/mo off 6 months,""Unlimited data, 500/40 Mbps evening, 4K on multiple, FTTP/HFC only"",https://www.telstra.com.au/logo.png,#007BC2,https://www.telstra.com.au/internet/nbn,,,"
"nbn,aus_telstra_premium_only,Telstra,Premium nbn® Internet Only,99,/mo,Up to $15/mo off 6 months,""Unlimited data, 100/17 Mbps evening, Internet only"",https://www.telstra.com.au/logo.png,#007BC2,https://www.telstra.com.au/internet/nbn,4.0,,"
"nbn,aus_telstra_premium_only500,Telstra,Premium nbn® Internet Only (500),99,/mo,Up to $15/mo off 6 months,""Unlimited data, 500/40 Mbps evening, Internet only, FTTP/HFC"",https://www.telstra.com.au/logo.png,#007BC2,https://www.telstra.com.au/internet/nbn,,,"
"nbn,aus_telstra_ultimate_only,Telstra,Ultimate nbn® Internet Only,119,/mo,Up to $15/mo off 6 months,""Unlimited data, 750/40 Mbps evening, 4K streaming/gaming, FTTP/HFC"",https://www.telstra.com.au/logo.png,#007BC2,https://www.telstra.com.au/internet/nbn,,,"
"nbn,aus_telstra_ultimate,Telstra,Ultimate nbn®,129,/mo,Up to $15/mo off 6 months,""Unlimited data, 750/40 Mbps evening, Responsive gaming, FTTP/HFC"",https://www.telstra.com.au/logo.png,#007BC2,https://www.telstra.com.au/internet/nbn,,,"
"nbn,aus_telstra_ultrafast_only,Telstra,Ultrafast nbn® Internet Only,129,/mo,Up to $15/mo off 6 months,""Unlimited data, 815/80 Mbps evening, 8K/4K on multiple, FTTP/HFC"",https://www.telstra.com.au/logo.png,#007BC2,https://www.telstra.com.au/internet/nbn,,,"
"nbn,aus_telstra_ultrafast,Telstra,Ultrafast nbn®,139,/mo,Up to $15/mo off 6 months,""Unlimited data, 815/80 Mbps evening, Livestreaming/large files, FTTP/HFC"",https://www.telstra.com.au/logo.png,#007BC2,https://www.telstra.com.au/internet/nbn,,,"
"nbn,aus_vodafone_500,Vodafone,500 Mbps,74,/mo,$15/mo off for 12 months,""Unlimited data, 50 Mbps evening, Month-to-month, Satisfaction guarantee"",https://www.vodafone.com.au/logo.png,#E60000,https://www.vodafone.com.au/nbn,,,"
"nbn,aus_vodafone_740,Vodafone,740 Mbps,79,/mo,$15/mo off for 12 months,""Unlimited data, 500 Mbps evening, Month-to-month, Satisfaction guarantee"",https://www.vodafone.com.au/logo.png,#E60000,https://www.vodafone.com.au/nbn,,,"
"nbn,aus_vodafone_850,Vodafone,850 Mbps,104,/mo,Unlimited data,""740 Mbps evening, Month-to-month, Satisfaction guarantee"",https://www.vodafone.com.au/logo.png,#E60000,https://www.vodafone.com.au/nbn,4.0,,"
"nbn,aus_vodafone_50,Vodafone,50 Mbps,84,/mo,Unlimited data,""25 Mbps evening, Month-to-month, Satisfaction guarantee"",https://www.vodafone.com.au/logo.png,#E60000,https://www.vodafone.com.au/nbn,4.0,,"
"nbn,aus_vodafone_25,Vodafone,25 Mbps,74,/mo,Unlimited data,""12 Mbps evening, Month-to-month, Satisfaction guarantee"",https://www.vodafone.com.au/logo.png,#E60000,https://www.vodafone.com.au/nbn,4.0,,"
"nbn,aus_iinet_nbn500,iiNet,NBN500,64.99,/mo,Save $30/mo for 6 months,""Unlimited data, 500/42 Mbps evening, FTTP/HFC"",https://www.iinet.net.au/logo.png,#4200B3,https://www.iinet.net.au/nbn,1.3,,"
"nbn,aus_iinet_nbn12,iiNet,NBN12,54.99,/mo,Save $20/mo for 6 months,""Unlimited data, 12/0.8 Mbps evening"",https://www.iinet.net.au/logo.png,#4200B3,https://www.iinet.net.au/nbn,1.3,FALSE,"
"nbn,aus_iinet_nbn25,iiNet,NBN25,56.99,/mo,Save $20/mo for 6 months,""Unlimited data, 25/4 Mbps evening"",https://www.iinet.net.au/logo.png,#4200B3,https://www.iinet.net.au/nbn,1.3,FALSE,"
"nbn,aus_iinet_nbn50,iiNet,NBN50,64.99,/mo,Save $20/mo for 6 months,""Unlimited data, 50/17 Mbps evening"",https://www.iinet.net.au/logo.png,#4200B3,https://www.iinet.net.au/nbn,1.3,FALSE,"
"nbn,aus_iinet_superfast,iiNet,NBN Superfast,69.99,/mo,Save $30/mo for 6 months,""Unlimited data, 740/42 Mbps evening, FTTP/HFC"",https://www.iinet.net.au/logo.png,#4200B3,https://www.iinet.net.au/nbn,1.3,,"
"nbn,aus_iinet_ultrafast,iiNet,NBN Ultrafast,79.99,/mo,Save $30/mo for 6 months,""Unlimited data, 820/85 Mbps evening, FTTP/HFC"",https://www.iinet.net.au/logo.png,#4200B3,https://www.iinet.net.au/nbn,1.3,,"
"nbn,aus_southern_basic,Southern Phone,nbn Basic,60,/mo,Bring your own modem,""25/4 Mbps typical busy, Suitable for 1-2 people, Basic internet use & HD video, No setup fees, No lock-in, 50% off modem"",https://www.southernphone.com.au/logo.png,,,,,"
"nbn,aus_southern_standard,Southern Phone,nbn Standard,65,/mo,Bring your own modem,""50/18 Mbps typical busy, Suitable for 2-4 people, HD video & working from home, No setup fees, No lock-in, 50% off modem"",https://www.southernphone.com.au/logo.png,,,,,"
"nbn,aus_southern_fast,Southern Phone,nbn Fast,89,/mo,$79/mth first 6 months,""87/18 Mbps typical busy, Suitable for 5+ people, 4K video, No setup fees, No lock-in, 50% off modem"",https://www.southernphone.com.au/logo.png,,,,,"
"nbn,aus_southern_fastx,Southern Phone,nbn Fast X,89,/mo,$79/mth first 6 months,""500/45 Mbps typical busy, Suitable for 5+ people, 8K video, No setup fees, No lock-in, 50% off modem"",https://www.southernphone.com.au/logo.png,,,,,"
"nbn,aus_southern_ultrafast,Southern Phone,nbn Ultrafast,99,/mo,Bring your own modem,""860/90 Mbps typical busy, Suitable for 5+ people, 8K video, Available in nbn FTTP & select nbn HFC areas, No setup fees, No lock-in, 50% off modem"",,,,,,,"
"solar,aus_energymatters_grid,Energy Matters,Grid Connected Solar Power Systems,0,upfront,Ties into existing home electricity,""24/7 power, No pricing"",https://www.energymatters.com.au/logo.png,#00C08B,https://www.energymatters.com.au/solar-power,4.0,FALSE,"
"solar,aus_energymatters_offgrid,Energy Matters,Off-Grid Solar,0,upfront,For remote areas,""Battery storage, No pricing"",https://www.energymatters.com.au/logo.png,#00C08B,https://www.energymatters.com.au/solar-power,4.0,FALSE,"
"solar,aus_energymatters_commercial,Energy Matters,Commercial and Medium Scale Solar,0,upfront,For businesses/solar farms,No pricing,https://www.energymatters.com.au/logo.png,#00C08B,https://www.energymatters.com.au/solar-power,4.0,FALSE,TRUE"
"solar,aus_energymatters_hotwater,Energy Matters,Solar Hot Water,0,upfront,Flat plate/evacuated tube,""Saves up to 75% water heating, No pricing"",https://www.energymatters.com.au/logo.png,#00C08B,https://www.energymatters.com.au/solar-power,4.0,FALSE,"
"solar,aus_energymatters_hydronics,Energy Matters,Solar Hydronics/Thermal,0,upfront,Heating/cooling for commercial,No pricing,https://www.energymatters.com.au/logo.png,#00C08B,https://www.energymatters.com.au/solar-power,4.0,FALSE,TRUE"
"solar,aus_energymatters_waterpumping,Energy Matters,Solar Water Pumping,0,upfront,For farms,""Replaces fossil fuel, No pricing"",https://www.energymatters.com.au/logo.png,#00C08B,https://www.energymatters.com.au/solar-power,4.0,FALSE,"
"solar,aus_solarchoice_compare,Solar Choice,Compare Solar Quotes,0,upfront,Personalised solar and battery quotes,""Solar Choice discount, Compare installers, Tools for comparisons"",https://www.solarchoice.com.au/logo.png,#00C08B,https://www.solarchoice.com.au/solar-panels,4.0,,"
"insurance,aus_budget_car,Budget Direct,Car Insurance,0,/yr,Award-winning comprehensive or third-party cover,""15% off first year, Protects car and property, Guaranteed repairs"",https://www.budgetdirect.com.au/logo.png,#00A651,https://www.budgetdirect.com.au/,4.4,,"
"insurance,aus_budget_home,Budget Direct,Home & Contents,0,/yr,Protects home building and contents,""30% off first year, Legal liability, Option for flood cover"",https://www.budgetdirect.com.au/logo.png,#00A651,https://www.budgetdirect.com.au/,4.4,,"
"insurance,aus_budget_motorcycle,Budget Direct,Motorcycle Insurance,0,/yr,Three levels of cover,""15% off first year, Lifetime guarantee on repairs, 24/7 claims"",https://www.budgetdirect.com.au/logo.png,#00A651,https://www.budgetdirect.com.au/,4.4,,"
"insurance,aus_budget_pet,Budget Direct,Pet Insurance,0,/yr,Three levels for dogs or cats,""15% off first year, Reimburses 80% vet expenses, Options for routine care"",https://www.budgetdirect.com.au/logo.png,#00A651,https://www.budgetdirect.com.au/,4.4,,"
"insurance,aus_budget_life,Budget Direct,Life Insurance,0,/yr,Covers life events,""1 Month Cover FREE, Includes TPD, Trauma Insurance"",https://www.budgetdirect.com.au/logo.png,#00A651,https://www.budgetdirect.com.au/,4.4,,"
"insurance,aus_budget_travel,Budget Direct,Travel Insurance,0,/yr,Three levels of cover,""15% off first year, Includes COVID-19 cover, Optional adventure/snow sports"",https://www.budgetdirect.com.au/logo.png,#00A651,https://www.budgetdirect.com.au/,4.4,,"
"insurance,aus_budget_roadside,Budget Direct,Roadside Assistance,89.95,/yr,Unlimited breakdown callouts,""24/7 assistance, Flat tyres, Dead batteries, Immediate roadside"",https://www.budgetdirect.com.au/logo.png,#00A651,https://www.budgetdirect.com.au/,,,"
"gas,nsw_agl_smartsaver,AGL,AGL Smart Saver,70,/mo,Great for families with no lock-in,""16% less than Reference Price, Up to $200 credits, No lock-in, Variable rates"",https://upload.wikimedia.org/wikipedia/commons/4/4a/AGL_Energy_logo.svg,#ED0000,https://www.agl.com.au/residential/energy-plans,,,"
"gas,nsw_agl_netflix,AGL,AGL Netflix Plan + AGL Smart Saver Gas,70,/mo,Includes Netflix with no lock-in,""14% less than Reference Price, Up to $200 credits, No lock-in, Variable rates"",https://upload.wikimedia.org/wikipedia/commons/4/4a/AGL_Energy_logo.svg,#ED0000,https://www.agl.com.au/residential/energy-plans,,,"
"gas,nsw_agl_solarsavers,AGL,AGL Solar Savers + AGL Smart Saver Gas,70,/mo,Higher solar feed-in with no lock-in,""8% less than Reference Price, Up to $200 credits, No lock-in, Variable rates"",https://upload.wikimedia.org/wikipedia/commons/4/4a/AGL_Energy_logo.svg,#ED0000,https://www.agl.com.au/residential/energy-plans,,,"
"gas,nsw_energyaus_flexi,EnergyAustralia,Flexi Plan,939,/yr,Variable rates with no lock-in,""16% electricity, 23% gas, Variable rates"",https://www.energyaustralia.com.au/logo.png,#00A651,https://www.energyaustralia.com.au/plans,4.3,,"
"gas,nsw_energyaus_solarmax,EnergyAustralia,Solar Max & Flexi Plan,939,/yr,Higher feed-in tariff,""23% gas, Variable rates"",https://www.energyaustralia.com.au/logo.png,#00A651,https://www.energyaustralia.com.au/plans,4.3,FALSE,"
"gas,nsw_energyaus_ratefix,EnergyAustralia,Rate Fix,1073,/yr,Secure rates for 12 months,""8% electricity, 12% gas, Fixed rates"",https://www.energyaustralia.com.au/logo.png,#00A651,https://www.energyaustralia.com.au/plans,4.3,,"
"gas,nsw_energyaus_standing,EnergyAustralia,Standing Offer Home,1219,/yr,Standing offer prices,Variable rates,https://www.energyaustralia.com.au/logo.png,#00A651,https://www.energyaustralia.com.au/plans,4.3,FALSE,FALSE"
"gas,nsw_tango_everyday,Tango Energy,Everyday Easy,151,/mo,Electricity/gas bundle,""Estimated $1,350/year, eBilling/Direct Debit"",https://www.tangoenergy.com/logo.png,#00C08B,https://tangoenergy.com.au/plans,4.0,FALSE,"
"gas,nsw_tango_bonus,Tango Energy,Bonus Booster,154,/mo,$150 elec + $50 gas credits,""Estimated $1,274/year, eBilling/Direct Debit"",https://www.tangoenergy.com/logo.png,#00C08B,https://tangoenergy.com.au/plans,4.0,FALSE,"
"gas,nsw_tango_back,Tango Energy,Back to Basics,158,/mo,Choose payment method,""Estimated $1,424/year, No lock-in"",https://www.tangoenergy.com/logo.png,#00C08B,https://tangoenergy.com.au/plans,4.0,FALSE,"
"electricity,nsw_agl_smartsaver,AGL,AGL Smart Saver,129,/mo,Great for families with no lock-in,""16% less than Reference Price, Up to $200 credits, No lock-in, Variable rates, Solar feed-in 4c/kWh, Netflix value $120/yr"",https://upload.wikimedia.org/wikipedia/commons/4/4a/AGL_Energy_logo.svg,,,,"
"electricity,nsw_agl_netflix,AGL,AGL Netflix Plan + AGL Smart Saver Gas,131,/mo,Includes Netflix with no lock-in,""14% less than Reference Price, Up to $200 credits, No lock-in, Variable rates, Solar feed-in 4c/kWh, Netflix included"",https://upload.wikimedia.org/wikipedia/commons/4/4a/AGL_Energy_logo.svg,,,,"
"electricity,nsw_agl_solarsavers,AGL,AGL Solar Savers + AGL Smart Saver Gas,142,/mo,Higher solar feed-in with no lock-in,""8% less than Reference Price, Up to $200 credits, No lock-in, Variable rates, Solar feed-in up to 8c/kWh"",https://upload.wikimedia.org/wikipedia/commons/4/4a/AGL_Energy_logo.svg,#ED0000,,,"
"electricity,nsw_energyaus_flexi,EnergyAustralia,Flexi Plan,1651,/yr,Variable rates with no lock-in,""16% electricity, 23% gas, Variable rates, Solar buy back 4c/kWh"",https://www.energyaustralia.com.au/logo.png,#00A651,https://www.energyaustralia.com.au/plans,,"
"electricity,nsw_energyaus_solarmax,EnergyAustralia,Solar Max & Flexi Plan,1965,/yr,Higher feed-in tariff,""23% gas, Variable rates, Solar buy back up to 8c/kWh"",https://www.energyaustralia.com.au/logo.png,#00A651,https://www.energyaustralia.com.au/plans,4.3,,"
"electricity,nsw_energyaus_ratefix,EnergyAustralia,Rate Fix,1808,/yr,Secure rates for 12 months,""8% electricity, 12% gas, Fixed rates, Solar buy back 4c/kWh"",https://www.energyaustralia.com.au/logo.png,#00A651,https://www.energyaustralia.com.au/plans,,"
"electricity,nsw_energyaus_standing,EnergyAustralia,Standing Offer Home,1965,/yr,Standing offer prices,""Variable rates, Solar buy back 4c/kWh"",https://www.energyaustralia.com.au/logo.png,#00A651,https://www.energyaustralia.com.au/plans,4.3,FALSE,"
"electricity,nsw_tango_everyday,Tango Energy,Everyday Easy,113,/mo,Electricity/gas bundle,""Estimated $1,350/year, Daily 85.25c, Peak 25.96c/kWh, No solar FIT, eBilling/Direct Debit"",https://www.tangoenergy.com/logo.png,#00C08B,,,"
"electricity,nsw_tango_bonus,Tango Energy,Bonus Booster,106,/mo,$150 elec + $50 gas credits,""Estimated $1,274/year, Daily 91.3c, Peak 27.28c/kWh, No solar FIT, eBilling/Direct Debit"",https://www.tangoenergy.com/logo.png,#00C08B,,,"
"electricity,nsw_tango_back,Tango Energy,Back to Basics,119,/mo,Choose payment method,""Estimated $1,424/year, Daily 91.3c, Peak 27.28c/kWh, No solar FIT, No lock-in"",https://www.tangoenergy.com/logo.png,#00C08B,,,"
"security,aus_ring_indoorplus,Ring,Indoor Camera Plus,99,upfront,2K Video,""Plug-In, Colour Night Vision, Dual-Band Wifi, Adjustable Motion Zones, 3D Motion Detection, Weather Resistant (Indoor), Mount Anywhere"",,,,,,,"
"security,aus_ring_indoor2nd,Ring,Indoor Camera (2nd Gen),79,upfront,1080p HD Video,""Colour Night Vision, Single-Band Wifi, No 3D Motion Detection, Indoor use, Mount Anywhere"",https://ring.com/logo.png,#00A0E3,,,"
"security,aus_ring_pantilt,Ring,Pan-Tilt Indoor Camera,99,upfront,1080p HD Video,""Colour Night Vision, Single-Band Wifi, No 3D Motion Detection, Indoor use, 360° Rotation, 169° Vertical Tilt, Mount Anywhere"",,,,,,,"
"security,aus_ring_outdoorpro,Ring,Outdoor Camera Pro,329,upfront,Retinal 4K Video,""Colour Night Vision, Dual-Band Wifi, 3D Motion Detection, Weather Resistant, Mount Anywhere"",https://ring.com/logo.png,#00A0E3,,,"
"security,aus_ring_outdoorplus_battery,Ring,Outdoor Camera Plus (Battery),179,upfront,Retinal 2K Video,""Colour Night Vision, Single-Band Wifi, 3D Motion Detection, Weather Resistant, Mount Anywhere"",https://ring.com/logo.png,#00A0E3,,,"
"security,aus_ring_outdoorplus_solar,Ring,Outdoor Camera Plus (Solar),229,upfront,Retinal 2K Video,""Colour Night Vision, Single-Band Wifi, 3D Motion Detection, Weather Resistant, Solar Panel, Mount Anywhere"",https://ring.com/logo.png,,,,,"
"security,aus_ring_outdoorplus_plugin,Ring,Outdoor Camera Plus (Plug-In),179,upfront,Retinal 2K Video,""Colour Night Vision, Single-Band Wifi, 3D Motion Detection, Weather Resistant, Plug-In power, Mount Anywhere"",https://ring.com/logo.png,,,,,"
"security,aus_ring_outdoorplus_poe,Ring,Outdoor Camera Plus (Power over Ethernet),329,upfront,Retinal 2K Video,""Colour Night Vision, Single-Band Wifi, 3D Motion Detection, Weather Resistant, Power over Ethernet, Mount Anywhere"",https://ring.com/logo.png,,,,,"
"security,aus_ring_outdoor_battery,Ring,Outdoor Camera (Battery),149,upfront,1080p HD Video,""Colour Night Vision, Single-Band Wifi, No 3D Motion Detection, Weather Resistant, Mount Anywhere"",https://ring.com/logo.png,#00A0E3,,,"
"security,aus_ring_outdoor_solar,Ring,Outdoor Camera (Solar),199,upfront,1080p HD Video,""Colour Night Vision, Single-Band Wifi, No 3D Motion Detection, Weather Resistant, Solar Panel, Mount Anywhere"",https://ring.com/logo.png,,,,,"
"security,aus_ring_outdoor_plugin,Ring,Outdoor Camera (Plug-In),169,upfront,1080p HD Video,""Colour Night Vision, Single-Band Wifi, No 3D Motion Detection, Weather Resistant, Plug-In power, Mount Anywhere"",https://ring.com/logo.png,,,,,"
"security,aus_ring_stickupelite,Ring,Stick Up Cam Elite,199,upfront,1080p HD Video,""Colour Night Vision, Power over Ethernet, Weather Resistant"",https://ring.com/logo.png,#00A0E3,https://ring.com/au/en/home-security-cameras,4.0,,"
"security,aus_ring_spotlightpro_plugin,Ring,Spotlight Camera Pro (2nd Gen) (Plug-In),399,upfront,Retinal 4K Head-to-Toe Video,""Colour Night Vision, Dual-Band Wifi, 3D Motion Detection, +2 LED Spotlights, Weather Resistant, Mount Anywhere"",https://ring.com/logo.png,,,,,"
"security,aus_ring_spotlightpro_wired,Ring,Spotlight Camera Pro (2nd Gen) (Wired),399,upfront,Retinal 4K Head-to-Toe Video,""Colour Night Vision, Dual-Band Wifi, 3D Motion Detection, +2 LED Spotlights, Weather Resistant, Hardwired, Mount Anywhere"",,,,,,,"
"security,aus_ring_spotlightpro_poe,Ring,Spotlight Camera Pro (2nd Gen) (Power over Ethernet),549,upfront,Retinal 4K Head-to-Toe Video,""Colour Night Vision, Dual-Band Wifi, 3D Motion Detection, +2 LED Spotlights, Weather Resistant, Power over Ethernet, Mount Anywhere"",,,,,,,"
"security,aus_ring_spotlightplus_battery,Ring,Spotlight Camera Plus (Battery),259,upfront,1080p HD Video,""Colour Night Vision, Single-Band Wifi, No 3D Motion Detection, +2 LED Spotlights, Weather Resistant, Solar option, Mount Anywhere"",,,,,,,"
"security,aus_ring_spotlightplus_plugin,Ring,Spotlight Camera Plus (Plug-In),259,upfront,1080p HD Video,""Colour Night Vision, Single-Band Wifi, No 3D Motion Detection, +2 LED Spotlights, Weather Resistant, Plug-In, Mount Anywhere"",,,,,,,"
"security,aus_ring_spotlightplus_wired,Ring,Spotlight Camera Plus (Wired),289,upfront,1080p HD Video,""Colour Night Vision, Single-Band Wifi, No 3D Motion Detection, +2 LED Spotlights, Weather Resistant, Hardwired, Mount Anywhere"",,,,,,,"
"security,aus_ring_spotlightplus_solar,Ring,Spotlight Camera Plus (Solar),289,upfront,1080p HD Video,""Colour Night Vision, Single-Band Wifi, No 3D Motion Detection, +2 LED Spotlights, Weather Resistant, Solar Panel, Mount Anywhere"",,,,,,,"
"security,aus_ring_spotlightpro_plugin1,Ring,Spotlight Camera Pro (Plug-In),299,upfront,Retinal 2K Video,""Colour Night Vision, Dual-Band Wifi, 3D Motion Detection, +2 LED Spotlights, Weather Resistant, Mount Anywhere"",https://ring.com/logo.png,,,,,"
"security,aus_ring_spotlightpro_wired1,Ring,Spotlight Camera Pro (Wired),329,upfront,Retinal 2K Video,""Colour Night Vision, Dual-Band Wifi, 3D Motion Detection, +2 LED Spotlights, Weather Resistant, Hardwired, Mount Anywhere"",,,,,,,"
"security,aus_ring_spotlightpro_battery,Ring,Spotlight Camera Pro (Battery),299,upfront,Retinal 2K Video,""Colour Night Vision, Dual-Band Wifi, 3D Motion Detection, +2 LED Spotlights, Weather Resistant, Rechargeable Battery, Mount Anywhere"",,,,,,,"
"security,aus_ring_spotlightpro_solar,Ring,Spotlight Camera Pro (Solar),329,upfront,Retinal 2K Video,""Colour Night Vision, Dual-Band Wifi, 3D Motion Detection, +2 LED Spotlights, Weather Resistant, Solar Panel, Mount Anywhere"",,,,,,,"
"security,aus_ring_floodlightpro_wired,Ring,Floodlight Camera Pro (2nd Gen) (Wired),449,/upfront,Retinal 4K Head-to-Toe Video,""Colour Night Vision, Dual-Band Wifi, 3D Motion Detection, +2 LED Floodlights, Weather Resistant, Mount Anywhere"",https://ring.com/logo.png,,,,,"
"security,aus_ring_floodlightplus,Ring,Floodlight Camera Wired Plus,269,upfront,1080p HD Video,""Colour Night Vision, Single-Band Wifi, No 3D Motion Detection, +2 LED Floodlights, Weather Resistant, Hardwired, Mount Anywhere"",,,,,,,"
"security,aus_ring_floodlightpro_wired1,Ring,Floodlight Camera Wired Pro (Wired),349,upfront,Retinal 2K Video,""Colour Night Vision, Dual-Band Wifi, 3D Motion Detection, +2 LED Floodlights, Weather Resistant, Hardwired, Mount Anywhere"",,,,,,,"
"security,aus_wuuk_wirelesspro_addon,WUUK Labs,WUUK Wireless Cam Pro (Add-on),109.99,upfront,2K Clear Image & 2-Way Audio,""Truly Wireless, Efficient Human Detection, Color Night Vision, Easy Set Up"",https://wuuklabs.com/logo.png,#000000,https://wuuklabs.com/collections/all,,,"
"security,aus_wuuk_4mp_indoor,WUUK Labs,WUUK 4MP Indoor Security Camera,39.99,upfront,4MP Ultra HD,""Wide coverage 135º, Baby monitor"",https://wuuklabs.com/logo.png,#000000,https://wuuklabs.com/collections/all,2.5,FALSE,"
"security,aus_wuuk_4mp_face,WUUK Labs,WUUK 4MP Security Camera with Face Recognition,109.99,upfront,On-Device AI,""Facial recognition, Customized greetings, Sentry Mode, On-Device Analysis, Spotlight, Color Night Vision, Magnetic Mount"",,,,,,,"
"security,aus_wuuk_lampsocket,WUUK Labs,WUUK Certified Lamp Socket,49.99,upfront,Upgrade to Smart Lighting,""Dusk-to-Dawn, Motion-Triggered Lighting"",https://wuuklabs.com/logo.png,#000000,https://wuuklabs.com/collections/all,2.5,FALSE,"
"security,aus_wuuk_solarpanel,WUUK Labs,WUUK Certified Solar Panel,49.99,upfront,Non-stop power,Minimal maintenance,https://wuuklabs.com/logo.png,#000000,https://wuuklabs.com/collections/all,2.5,FALSE,FALSE"
"security,aus_wuuk_pantilt,WUUK Labs,WUUK Pan & Tilt Cam,42.99,upfront,4MP Ultra HD,""Indoor monitoring for home, baby, pet"",https://wuuklabs.com/logo.png,#000000,https://wuuklabs.com/collections/all,2.5,FALSE,FALSE"
"security,aus_wuuk_smartdoorbell,WUUK Labs,WUUK Smart Doorbell,99.99,upfront,Motion detection,""Notifications with footages, 1080P wireless, 162 wide-angle, Sensitive PIR"",https://wuuklabs.com/logo.png,#000000,https://wuuklabs.com/collections/all,,,"
"security,aus_wuuk_smartdoorbellpro,WUUK Labs,WUUK Smart Doorbell Pro (1 Doorbell Pro + 1 Base Station),129.99,upfront,Wireless doorbell camera system,""Motion detection, Notifications day and night"",https://wuuklabs.com/logo.png,#000000,https://wuuklabs.com/collections/all,2.5,FALSE,"
"security,aus_wuuk_smartdoorbellpro_addon,WUUK Labs,WUUK Smart Doorbell Pro Add-on,99.99,upfront,Additional unit,""Motion detection, Notifications"",https://wuuklabs.com/logo.png,#000000,https://wuuklabs.com/collections/all,2.5,FALSE,"
"security,aus_wuuk_storage,WUUK Labs,""WUUK Storage Card, 32GB"",9.99,upfront,Storage for camera,,https://wuuklabs.com/logo.png,#000000,https://wuuklabs.com/collections/all,2.5,FALSE,FALSE"
"security,aus_wuuk_videobaby,WUUK Labs,WUUK Video Baby Monitor,129.99,upfront,5.5'' display and phone app,""1000ft long-range, Remote phone app control"",https://wuuklabs.com/logo.png,#000000,https://wuuklabs.com/collections/all,2.5,FALSE,"
"security,aus_wuuk_wiredsmart,WUUK Labs,WUUK Wired Smart Doorbell 2K,99.00,upfront,On-device AI Facial Recognition,""Personalized greetings, Local AI processing"",https://wuuklabs.com/logo.png,#000000,https://wuuklabs.com/collections/all,2.5,FALSE,"
"security,aus_wuuk_wireless2cam,WUUK Labs,WUUK Wireless Cam Pro (2 Cam + 1 Base Station),199.98,upfront,2K Crystal-Clear Image & 2-Way Audio,""HD 2304×1296 resolution, Surveillance for home, property, workplace"",https://wuuklabs.com/logo.png,#000000,https://wuuklabs.com/collections/all,2.5,FALSE,"